<?xml version="1.0"?>
<pagescount>
	<html_total>1</html_total>
	<html_done>1</html_done>
	<images>1</images>
	<script>10</script>
	<css>1</css>
	<pdf/>
	<documents/>
	<excel/>
	<powerpoint/>
	<flash/>
	<audios/>
	<videos/>
	<xml/>
	<json>1</json>
	<txt/>
	<autocad/>
	<model_3d/>
	<fonts/>
	<scraping_reload>1</scraping_reload>
	<is_pretty_url>false</is_pretty_url>
	<has_trailing_slash>false</has_trailing_slash>
	<is_ebn>false</is_ebn>
	<email>saini000987098@gmail.com</email>
	<theme_name>WmdTheme858841</theme_name>
	<server_url_front_page>https://www6.waybackmachinedownloader.com/wdo/files/demo/captaintvwc.x10.mx_saini000987098_gmail.com_yio6413ux0/</server_url_front_page>
	<no_www_url>captaintvwc.x10.mx</no_www_url>
	<hosted_domain/>
	<original_archive_url>https://captaintvwc.x10.mx/tataplay/</original_archive_url>
	<final_archive_url>https://captaintvwc.x10.mx/tataplay/</final_archive_url>
	<front_page_code_date/>
	<total_urls_from_api/>
	<max_reached_live>false</max_reached_live>
	<scrape_other_captures>false</scrape_other_captures>
	<total_size>2660</total_size>
</pagescount>
